<?xml version="1.0" encoding="utf-8" ?>
<dwsync>
<file name="cf_aim.cfm" server="W:/cfpayment/" local="128785281445135000" remote="128785281440000000" />
<file name="-.gif" server="ftp.creori.com//cfpayment/" local="126942032980000000" remote="128865372600000000" />
<file name="AIM_guide.pdf" server="ftp.creori.com//cfpayment/" local="128785286405447500" remote="128865372600000000" />
<file name="AIM_guide_SCC.pdf" server="ftp.creori.com//cfpayment/" local="128785286493416250" remote="128865373200000000" />
<file name="background.gif" server="ftp.creori.com//cfpayment/" local="126942032980000000" remote="128865373200000000" />
<file name="background_01_999.gif" server="ftp.creori.com//cfpayment/" local="126955945840000000" remote="128865373200000000" />
<file name="background_02_999.gif" server="ftp.creori.com//cfpayment/" local="126955945840000000" remote="128865373200000000" />
<file name="cf_aim.cfm" server="ftp.creori.com//cfpayment/" local="128785285732322500" remote="128865373200000000" />
<file name="dash_gray_h.gif" server="ftp.creori.com//cfpayment/" local="126955855140000000" remote="128865373200000000" />
<file name="dash_gray_v.gif" server="ftp.creori.com//cfpayment/" local="126955855200000000" remote="128865373200000000" />
<file name="Response Reason Codes.txt" server="ftp.creori.com//cfpayment/" local="128785448249978750" remote="128865373200000000" />
<file name="Response Reason Codes.xls" server="ftp.creori.com//cfpayment/" local="128785447966853750" remote="128865373200000000" />
</dwsync>